Song,,Constant,Level,Note Count,Difficulty,Song ID,Notes,
,,,,,,,,
,,,,,,,,
,,,,,,,RERATES,
,,,,,,,,
Pheles,フェレス,32.4,APD 31,1744,Append,291,RATING: mix of 39s and UnCh OS,
Artifact,,30.5,30,1139,Master,694,RATING: temp too lazy to update en constants,
Chu! Future☆Express!,,30.4,30,1287,Master,701,,
NAKAKAPAGPABAGABAG,,30.2,30,1124,Master,563,,
,,,,,,,changing constants to match what was suggested ,
I want to be your heart,だれかの心臓になれたなら,29.9,29+,1044,Master,152,,
Highlight,Highlight,28.1,28,690,Master,263,,
The World is Mine,ワールドイズマイン,29.4,29,1417,Master,48,,
Teammates,チームメイト,30.3,30,1090,Master,374,,
39Music!,39みゅーじっく！,28.4,28,1039,Master,45,,
From Tokyo,フロムトーキョー,28.4,28,814,Master,130,,
Step for a Crescent,三日月ステップ,28.2,28,969,Master,580,,
,,,,,,,,
,,,,,,,,
,,,,,,,updating old constants (based also on constant suggestions),
on the rocks,on the rocks,27.5,27,1004,Master,86,,
The Daughter of Evil,悪ノ娘,27.1,27,784,Master,190,,
Pulse of the Meteor,流星のパルス,31.4,31,1123,Master,173,,
Judas,ジウダス,28.7,28+,898,Master,215,,
Aun no Beats,阿吽のビーツ,29.5,29,918,Master,245,,
Chururira Chururira Daddadda!,チュルリラ・チュルリラ・ダッダッダ！,31.8,31+,1401,Master,88,,
Our 16bit Wars,ぼくらの16bit戦争,33.6,33+,1521,Master,249,,
Planet Hero,プラネットヒーロー,33.1,33,1467,Master,588,,
Hide and Seek,ハイドアンド・シーク,28.0,28,898,Master,438,,
"Can't Defeat ""Take No Notice Boys""",難聴系男子が倒せない,30.1,30,1234,Master,341,,
,,,,,,,,
,,,,,,,,
,,,,,,,mas 26/25 rerates to match expert constants,
Hitorinbo Envy,独りんぼエンヴィー,26.9,26+,589,Master,74,,
Kimi no Yoru wo Kure,君の夜をくれ,26.9,26+,662,Master,237,,
Twilight Light,トワイライトライト,26.8,26+,619,Master,384,,
,,,,,Master,,,
,,,,,,,,
,,,,,,,,
,,,,,,,Fixing 39s sheet song translations,
,,,,,,,,
,,,,,,,,
,,,,,,,,
,,,,,,,,
,,,,,,,temp is lazy,
,,,,,,,,
shrimp miku,,28.1,28,793,Master,725,,
LOVELY♥CAVITY,,29.1,29,962,Master,736,,
Cheerleader (feat. Hatsune Miku),,27.2,27,912,Master,762,,
CONNECT:COMMUNE ,,30.2,30,1132,Master,786,,
Hanataba,ハナタバ,28.4,28,938,Master,759,,
Lapse,ラプス,29.6,29+,1081,Master,758,,
Astronauts,アストロノーツ,25.5,25,523,Master,792,,
City Lights,シティライツ,29.5,29,943,Master,791,,
Pikkoon!!,ピッコーン！！,27.7,27+,1056,Master,790,,
REM,レム,26.0,26,537,Master,765,,
"Tenbin, Yubisaki de Furete",天秤、指先で触れて,28.3,28,1012,Master,789,,
De Los Santos,デロスサントス,29.4,29,936,Master,794,,
Ichiokunen Koi Shiteru,一億年恋してる,31.6,31+,1310,Master,795,,
Children Record,チルドレンレコード,34.5,APD 34,1627,Append,136,,
Additional Memory,アディショナルメモリー,31.3,31,1226,Master,751,,
Otsukimi Recital,オツキミサイダル,29.3,29,1104,Master,764,,
Losstime Memory,ロスタイムメモリー,31.5,31,1314,Master,750,,
Kuusou Forest,空想フォレスト,29.4,29,925,Master,753,,
Ayano no Koufuku Riron,アヤノの幸福理論,27.1,27,749,Master,752,,
Stardust Rain,スターダストレイン,27.4,27,827,Master,728,,
Room for a Fantasy,,29.3,29,943,Master,787,,
Kimi ni Okuru Mirai,君に贈る未来,30.3,30,1195,Master,802,,
Anti Sainou,アンチサイノウ,30.2,30,854,Master,788,,
Sora ni menjite,空に免じて,26.1,26,539,Master,803,,
shake it!,shake it!,28.4,28,985,Master,550,,
Seikai,正解,,31,1210,Master,804,,
,,,,,,,,
,,,,,,,KR / CN EXCLUSIVES,
,,,,,,,,
Jangsanbeom,장산범,28.7,28+,853,Master,10001,,
Alone,,28.5,28,1035,Master,10002,,
Individual Combat,각개전투,29.8,29+,1213,Master,10003,,
Raining Cherry Blossom,벚꽃비,31.2,31,1168,Master,10004,,
Starlight Serenade,별빛 세레나데,28.5,28,1353,Master,10005,,
Secret Puppetry II,비밀 인형극 II,29.7,29+,1007,Master,10006,,
Carpe Diem!,,28.3,28,779,Master,10007,,
Nail: in Disguise ,둔갑,29.6,29+,957,Master,10008,,
Umbrella ,우산,27.6,27,988,Master,10009,,
Shimiyuku,시미유쿠,28.3,28,940,Master,10010,,
,,,,,,,,
yiyang,一样,30.4,30,789,Master,11008,,
Pick Me Up,,28.3,28,874,Master,11001,,
My Stage With You,,29.4,29,854,Master,11002,,
Step Foward,踏步、出发,26.7,26+,583,Master,11003,,
First Storm,初岚,31.5,31,1414,Master,11004,,
We Leave The World Together,,29.2,29,670,Master,11005,,
Girl in the Mirror,镜中少女,27.7,27+,871,Master,11006,,
Dream Color Planet,梦色星球,30.2,30,1045,Master,11007,,
Low Chroma Notes,低彩度记事,30.6,30+,907,Master,11009,,
mae no hanashi,前ノハナシ (来都来了),30.8,30+,1117,Master,11012,,
Hype Dive,,29.3,29,816,Master,11017,,
Crossing the Coastline,越过海岸线,28.7,28+,1012,Master,11010,,
Yue Xijiang: Spring Thunder,月西江·春雷,26.2,26,610,Master,11014,,
Obesity = Fattening Frustration Song ,ヒマン=ヒダイ焦燥曲 (肥肥焦躁曲),31.5,31,1215,Master,11013,,
MAI MAI MAI,まいまいまい (买买买),29.4,29,813,Master,11015,,
Mag1c,,29.7,29+,1008,Master,11016,,
,,,,,,,,
,,,,,,,,
Jangsanbeom,장산범,25.0,25,,Expert,10001,,
Alone,,25.0,25,,Expert,10002,,
Individual Combat,각개전투,24.0,24,,Expert,10003,,
Raining Cherry Blossom,벚꽃비,26.3,26,1101,Expert,10004,,
Starlight Serenade,별빛 세레나데,23.0,23,,Expert,10005,,
Secret Puppetry II,비밀 인형극 II,23.0,23,,Expert,10006,,
Carpe Diem!,,23.0,23,,Expert,10007,,
Nail: in Disguise ,둔갑,24.0,24,,Expert,10008,,
Umbrella ,우산,23.0,23,891,Expert,10009,,
Shimiyuku,시미유쿠,23.0,23,737,Expert,10010,,
,,,,,,,,
Pick Me Up,,23.0,23,,Expert,11001,,
My Stage With You,,25.4,25,,Expert,11002,,
Step Foward,踏步、出发,21.0,21,,Expert,11003,,
First Storm,初岚,27.9,27+,,Expert,11004,,
We Leave The World Together,,22.0,22,,Expert,11005,,
Girl in the Mirror,镜中少女,22.0,22,,Expert,11006,,
Dream Color Planet,梦色星球,25.0,25,,Expert,11007,,
yiyang,一样,25.0,25,,Expert,11008,,
Low Chroma Notes,低彩度记事,24.0,24,,Expert,11009,,
mae no hanashi,前ノハナシ (来都来了),24.0,24,,Expert,11012,,
Hype Dive,,24.0,24,,Expert,11017,,
Crossing the Coastline,越过海岸线,23.0,23,,Expert,11010,,
Yue Xijiang: Spring Thunder,月西江·春雷,21.0,21,,Expert,11014,,
Obesity = Fattening Frustration Song ,ヒマン=ヒダイ焦燥曲 (肥肥焦躁曲),26.7,26+,,Expert,11013, ,
MAI MAI MAI,まいまいまい (买买买),24.0,24,,Expert,11015,,
Mag1c,,24.0,24,,Expert,11016,,
,,,,,,,,
,,,,,,,,
,,,,,,,,
,,,,,,,EXPERT & BELOW,
,,,,,,,,
Teo,テオ,27.9,27+,997,Expert,3,,
Kagerou Daze,カゲロウデイズ,27.9,27+,1295,Expert,171,,
Future Eve,フューチャー・イヴ,27.9,27+,1462,Expert,273,,
Chou Night of Knights,超ナイト・オブ・ナイツ,27.9,27+,1201,Expert,622,,
,,,,,,,,
NEXT NEST,ネクストネスト,27.8,27+,983,Expert,43,,
Greenlights Serenade,グリーンライツ・セレナーデ,27.8,27+,1034,Expert,46,,
Tondemo-Wonderz,トンデモワンダーズ,27.8,27+,1122,Expert,127,,
Children Record,チルドレンレコード,27.8,27+,1234,Expert,136,,
SnowMix♪,SnowMix♪,27.8,27+,1321,Expert,327,,
In Case You're Gonna Jump,君が飛び降りるのならば,27.8,27+,970,Expert,641,,
,,,,,,,,
Soudatta!!,そうだった！！,27.7,27+,1175,Expert,165,,
Theme of Niccori Survey Team,にっこり^^調査隊のテーマ,27.7,27+,1026,Expert,178,,
kyu-kurarin,きゅうくらりん,27.7,27+,1141,Expert,361,,
ARQETYPE,ARQETYPE,27.7,27+,827,Expert,406,,
CIRCUS PANIC!!!,CIRCUS PANIC!!!,27.7,27+,1083,Expert,408,,
syndrome,心泥夢(syndrome),27.7,27+,1221,Expert,444,,
Odoryanse,おどりゃんせ,27.7,27+,1100,Expert,559,,
Rulebook,ルルブ,27.7,27+,1143,Expert,587,,
We are Pico Pico Hammers!!!!,ウィーアーピコピコハンマーズ!!!!,27.7,27+,1125,Expert,688,,
,,,,,,,,
Doctor=Funk Beat,ドクター=ファンクビート,27.6,27+,984,Expert,28,,
Ghost Rule,ゴーストルール,27.6,27+,1174,Expert,199,,
Tokugawa Cupnoodle Prohibition,徳川カップヌードル禁止令,27.6,27+,1065,Expert,234,,
Fräulein=Biblioteca,フロイライン＝ビブリォチカ,27.6,27+,1222,Expert,251,,
Childish War,おこちゃま戦争,27.6,27+,1259,Expert,307,,
TRASH and TRASH!,トラッシュ・アンド・トラッシュ！,27.6,27+,1022,Expert,335,, 
Brain Revolution Girl,脳内革命ガール,27.6,27+,1189,Expert,344,,
Setsuna Trip,セツナトリップ,27.6,27+,1275,Expert,354,,
Manhattan,マンハッタン,27.6,27+,901,Expert,590,,
SAI LOVE JINSEI RUNNER,最愛人生ランナー,27.6,27+,1039,Expert,689,,
99 Glooms,99 Glooms,27.6,27+,1017,Expert,749,,
,,,,,,,,
Incomplete Anthem,未完成讃歌,27.5,27,1324,Expert,254,,
Vampire's ∞ pathoS,Vampire's ∞ pathoS,27.5,27,992,Expert,334,,
Eternal Aria,エターナルアリア,27.5,27,1272,Expert,364,,
Zunda Party Night,ずんだパーリナイ,27.5,27,1407,Expert,379,,
Bake no Hana,化けの花,27.5,27,875,Expert,549,,
Parry,パリィ,27.5,27,963,Expert,553,,
Chuubyou Gekihatsu Boy,厨病激発ボーイ,27.5,27,1118,Expert,581,,
Fräulein = Ojousama,フロイライン＝オジョウサマ,27.5,27,1130,Expert,714,,
Losstime Memory,ロスタイムメモリー,27.5,27,997,Expert,750,,
,,,,,,,,
Angel's Clover,天使のクローバー,27.4,27,985,Expert,112,,
ONESELF,ONESELF,27.4,27,1063,Expert,227,,
My Love Is Hellfire,私の恋はヘルファイア,27.4,27,1491,Expert,301,,
Shinjinrui,新人類,27.4,27,1285,Expert,381,,
Tokimeki Jet Coaster,ときめきジェットコースター,27.4,27,1016,Expert,428,,
Play With Fire,ヒアソビ,27.4,27,1053,Expert,433,,
Heat Abnormal,熱異常,27.4,27,978,Expert,451,,
16-Year Old's Heart,十六歳の心臓,27.4,27,1162,Expert,468,,
Violence Trigger,バイオレンストリガー,27.4,27,1277,Expert,703,,
CHAOS,CHAOS,27.4,27,890,Expert,744,,
Additional Memory,アディショナルメモリー,27.4,27,955,Expert,751,,
Anti Sainou,アンチサイノウ,27.4,27,790,Expert,788,,
,,,,,,,,
Seikai,正解,27.3,27,815,Expert,804,,
Tonal Twinkle Tetrad,世界を照らすテトラッド,27.3,27,850,Expert,411,,
KILLER,キラー,27.3,27,825,Expert,474,,
Fusion,フュージョン,27.3,27,1056,Expert,555,,
Tensai Rock,天才ロック,27.3,27,1148,Expert,631,,
,,,,,,,,
spring storm,春嵐,27.2,27,1095,Expert,392,,
,,,,,,,,
CYBERPUNK DEAD BOY,サイバーパンクデッドボーイ,27.1,27,917,Expert,452,,
Angel,アンヘル,27.1,27,917,Expert,562,,
,,,,,,,,
,,,,,,,,
,,,,,,,,
,,,,,,,,
,,,,,,,,
Jack Pot Sad Girl,ジャックポットサッドガール,26.9,26+,647,Expert,62,,
Positive☆Dance Time,ポジティブ☆ダンスタイム,26.9,26+,965,Expert,122,,
fixer,フィクサー,26.9,26+,948,Expert,183,,
Lower one's eyes,ロウアー,26.9,26+,780,Expert,187,,
Opera! Space Opera!,オペラ！スペースオペラ！,26.9,26+,986,Expert,450,,
Saitama 2000,さいたま2000,26.9,26+,659,Expert,707,,
Gimme×Gimme,Gimme×Gimme,26.9,26+,842,Expert,83,,
Touhou☆Wonderland,とうほう☆ワンダーランド,26.9,26+,806,Expert,623,,
Disco No.39,Disco No.39,26.9,26+,950,Expert,399,,
Sick of House!,しっくおぶはうす！,26.9,26+,1107,Expert,185,,
,,,,,,,,
Fish and Tips,フィッシュアンドTips,26.8,26+,833,Expert,626,,
Mesmerizer,メズマライザー,26.8,26+,1218,Expert,531,,
Composing the Future,悔やむと書いてミライ,26.8,26+,815,Expert,60,,
Rollin Girl,ローリンガール,26.8,26+,1156,Expert,113,,
Cirno's Perfect Math Class,チルノのパーフェクトさんすう学園,26.8,26+,999,Expert,624,,
Lost One's Weeping,ロストワンの号哭,26.8,26+,947,Expert,98,,
Egoist,エゴイスト,26.8,26+,1303,Expert,299,,
Piano × Forte × Scandal,ピアノ×フォルテ×スキャンダル,26.8,26+,1042,Expert,222,,
I am you,Iなんです,26.8,26+,910,Expert,304,,
junky nighttown orchestra,ジャンキーナイトタウンオーケストラ,26.8,26+,1070,Expert,84,,
Stardust Medley,スターダストメドレー,26.8,26+,1215,Expert,380,,
Chururira Chururira Daddadda!,チュルリラ・チュルリラ・ダッダッダ！,26.8,26+,1246,Expert,88,,
MORE! JUMP! MORE!,モア！ジャンプ！モア！,26.8,26+,1011,Expert,99,,
Wanderlast,ワンダーラスト,26.8,26+,1418,Expert,711,,
,,,,,,,,
Unknown Mother-Goose,アンノウン・マザーグース,26.7,26+,1080,Expert,115,,
Override,オーバーライド,26.7,26+,1004,Expert,521,,
Ura-Omote Lovers,裏表ラバーズ,26.7,26+,1017,Expert,114,,
Mr. Showtime,Mr. Showtime,26.7,26+,1341,Expert,333,,
Be The MUSIC!,Be The MUSIC!,26.7,26+,1121,Expert,336,,
88☆彡,88☆彡,26.7,26+,1088,Expert,224,,
RAD DOGS,RAD DOGS,26.7,26+,1067,Expert,101,,
All I Need Are Things I Like,すきなことだけでいいです,26.7,26+,1081,Expert,367,,
We Are Different !!! (or Same),ちがう!!!,26.7,26+,930,Expert,475,,
HERO,HERO,26.7,26+,1194,Expert,414,,
Bug,バグ,26.7,26+,1101,Expert,248,,
Pheles,フェレス,26.7,26+,1374,Expert,291,,
Evil Food Eater Conchita,悪食娘コンチータ,26.7,26+,791,Expert,349,,
,,,,,,,,
Hated by Life,命に嫌われている,26.6,26+,756,Expert,22,,
Poppin' Candy☆Fever!,ポッピンキャンディ☆フィーバー！,26.6,26+,1140,Expert,494,,
Alter Ego,オルターエゴ,26.6,26+,1175,Expert,167,,
All-Save Challenge,オールセーブチャレンジ,26.6,26+,795,Expert,538,,
White Happy,ホワイトハッピー,26.6,26+,939,Expert,651,,
I know I know,I know 愛脳,26.6,26+,1016,Expert,504,,
Chu! Future☆Express!,,26.6,26+,1062,Expert,701,,
Kareshi no Jude,カレシのジュード,26.6,26+,1184,Expert,652,,
Hurray,フレー,26.6,26+,1067,Expert,302,,
Awaiting Clear Skies,霽れを待つ,26.6,26+,974,Expert,97,,
Milk Crown on Sonechka,ミルククラウン・オン・ソーネチカ,26.6,26+,1025,Expert,107,,
Last Score,ラストスコア,26.6,26+,1050,Expert,197,,
Letter to the Black World,黒塗り世界宛て書簡,26.6,26+,930,Expert,704,,
Jet Black,ジェットブラック,26.6,26+,1052,Expert,687,,
The Peachy Key,ももいろの鍵,26.6,26+,1073,Expert,308,,
Relayouter,リレイアウター,26.6,26+,960,Expert,435,,
Non-breath oblige,ノンブレス・オブリージュ,26.6,26+,1071,Expert,268,,
Venom,ベノム,26.6,26+,972,Expert,145,,
Your Adventure Log Has Vanished!,ぼうけんのしょがきえました！,26.6,26+,951,Expert,78,,
World's End Dancehall,ワールズエンド・ダンスホール,26.6,26+,957,Expert,119,,
Nyanyanyanyanyanyanya!,Nyanyanyanyanyanyanya!,26.6,26+,,Expert,713,,
Ichiokunen Koi Shiteru,一億年恋してる,26.6,26+,904,Expert,795,senna review,
,,,,,,,,
Yobanashi Deceive,夜咄ディセイブ,26.5,26,1165,Expert,81,,
Unhappy Refrain,アンハッピーリフレイン,26.5,26,1137,Expert,288,,
Red Land Marker,レッドランドマーカー,26.5,26,1018,Expert,462,,
Accelerate,アクセラレイト,26.5,26,810,Expert,583,,
Hanamusubi,花結び,26.5,26,989,Expert,695,,
Rocket Cider,ロケットサイダー,26.5,26,1110,Expert,665,,
Marshmary,マシュマリー,26.5,26,1123,Expert,157,,
Dance Robot Dance,ダンスロボットダンス,26.5,26,927,Expert,68,,
Envy Catwalk,エンヴィキャットウォーク,26.5,26,932,Expert,595,,
Shama,紗痲,26.5,26,1088,Expert,620,,
Law-evading Rock,脱法ロック,26.5,26,972,Expert,21,,
Silver Collector,シルバーコレクター,26.5,26,1113,Expert,496,,
Merry-Go-Round,メリーゴーラウンド,26.5,26,874,Expert,517,,
lavie,ラヴィ,26.5,26,1080,Expert,723,,
Life Will Change,Life Will Change,26.5,26,973,Expert,648,,
I Maker!,アイ・マイカー,26.5,26,1118,Expert,741,,
,,,,,,,,
Blue Planet,ブループラネット,26.4,26,1287,Expert,357,,
(Not) A Devil,デビルじゃないもん,26.4,26,854,Expert,412,,
good bye heaven,サヨナラ天国また来て地獄,26.4,26,723,Expert,649,,
Surges,Surges,26.4,26,950,Expert,632,,
Devil's Manner,悪魔の踊り方,26.4,26,792,Expert,133,,
Genten,げんてん,26.4,26,1021,Expert,669,,
Identity,アイデンティティ,26.4,26,1196,Expert,231,,
snooze,snooze,26.4,26,961,Expert,554,,
Stella,ステラ,26.4,26,955,Expert,64,,
Close to gray,限りなく灰色へ,26.4,26,818,Expert,90,,
"Help me, ERINNNNNN!!","Help me, ERINNNNNN!!",26.4,26,1168,Expert,502,,
Cute na Kanojo,キュートなカノジョ,26.4,26,1006,Expert,391,,
Suicide Parade,スーサイドパレヱド,26.4,26,918,Expert,606,,
Mahou Shoujo Koufukuron,魔法少女幸福論,26.4,26,982,Expert,715,,
,,,,,,,,
Secret Seeker,シークレット・シーカー,26.3,26,894,Expert,569,,
Artifact,,26.3,26,1008,Expert,694,,
D/N/A,D/N/A,26.3,26,913,Expert,596,,
Explore,エクスプロウル,26.3,26,1024,Expert,636,,
Ruma,ルマ,26.3,26,899,Expert,601,,
Osmanthus,金木犀,26.3,26,814,Expert,418,,
Dameningenda!,だめにんげんだ!,26.3,26,917,Expert,482,,
Liar Dancer,ライアーダンサー,26.3,26,892,Expert,509,,
Selfish princess,我儘姫,26.3,26,1040,Expert,376,,
Haven,ヘイヴン,26.3,26,875,Expert,508,,
Lose the Princess,さよならプリンセス,26.3,26,812,Expert,413,,
Venus,ヴィーナス,26.3,26,1124,Expert,663,,
CONNECT:COMMUNE ,,26.3,26,987,Expert,786,,
,,,,,,,,
Hitomania,人マニア,26.2,26,1000,Expert,664,,
Regulus,レグルス,26.2,26,949,Expert,423,,
Marshall Maximizer,マーシャル・マキシマイザー,26.2,26,694,Expert,410,,
limbo,limbo,26.2,26,900,Expert,416,,
Goodbye Declaration,グッバイ宣言,26.2,26,1017,Expert,198,,
O-Barcode,オーバーコード,26.2,26,1113,Expert,446,,
Protodisco,プロトディスコ,26.2,26,913,Expert,561,,
Hoshizora Melancholia,星宙メランコリア,26.2,26,1004,Expert,608,,
Slow Downer,スロウダウナー,26.2,26,1054,Expert,378,note: sections with literally nothing,
HANAOBORE,花溺れ,26.2,26,780,Expert,557,,
Senbonzakura,千本桜,26.2,26,1000,Expert,110,,
,,,,,,,,
Kibou no tsuki,幾望の月,26.1,26,892,Expert,456,,
"Still, we never stop singing",それでも僕らは歌うことをやめない,26.1,26,705,Expert,524,,
Monitoring,モニタリング,26.1,26,901,Expert,628,,
Niwashi no Ohanashi ni Yoru to,庭師のおはなしによると,26.1,26,1121,Expert,633,,
i DO what i WANT,,26.1,26,751,Expert,657,,
Odo,踊,26.1,26,882,Expert,205,,
,,,,,,,,
FAKE HEART,,26.0,26,778,Expert,514,,
,,,,,,,,
,,,,,,,,
,,,,,,,,
,,,,,,,,
,,,,,,,,
,,,,,,,,
,,,,,,,,
,,,,,,,,
The Bubble Future,泡沫未来,25.9,25+,750,Expert,151,,
The Vampire,ヴァンパイア,25.9,25+,1029,Expert,213,,
Rin-chan Now!,リンちゃんなう！,25.9,25+,1098,Expert,303,,
"Hello,world!","Hello,world!",25.9,25,900,Expert,184,,
Lost and Found,ロストエンファウンド,25.9,25,1082,Expert,226,,
,,,,,,,,
manimani,まにまに,25.8,25,893,Expert,401,,
Blood Doll,ブラッドドール,25.8,25+,795,Expert,656,,
Judas,ジウダス,25.8,25+,769,Expert,215,,
Singing of a flower,花を唄う,25.8,25,807,Expert,137,,
,,,,,,,,
Samsa,ザムザ,25.7,25,779,Expert,300,,
KLY (1000 Light Years),一千光年,25.7,25+,941,Expert,439,,
Waraetara Ee Yan!,笑えたらえーやん！,25.7,25,878,Expert,637,,
Vocalo-Colosseum,ぼかろころしあむ,25.7,25,805,Expert,692,,
Parasol Cider,パラソルサイダー,25.7,25,796,Expert,264,,
,,,,,,,,
needLe,needLe,25.6,25,889,Expert,63,,
BRING IT ON,劣等上等,25.6,25,825,Expert,26,,
Shanti,シャンティ,25.6,25,942,Expert,276,,
Cosmospice,コスモスパイス,25.6,25+,849,Expert,233,,
We're Still Underground,僕らまだアンダーグラウンド,25.6,25+,920,Expert,208,,
YY,YY,25.6,25+,976,Expert,266,,
SEIBAIITAAAAASU!,成敗いたAAAAAす！,25.6,25,1022,Expert,472,,
AI no UTA,あいのうた,25.6,25,950,Expert,467,,
Cendrillon 10th Anniversary,サンドリヨン 10th Anniversary,25.6,25,735,Expert,104,,
Main Character,メインキャラクター,25.6,25,951,Expert,541,,
,,,,,,,,
Room for a Fantasy,,25.5,25,811,Expert,787,,
Synthesize You,合成するミライ,25.5,25,969,Expert,512,,
Antenna 39,アンテナ39,25.5,25,1139,Expert,525,,
DarlingDance,ダーリンダンス,25.5,25,824,Expert,168,,
NAKAKAPAGPABAGABAG,,25.5,25,882,Expert,563,,
Beat Eater,Beat Eater,25.5,25,772,Expert,156,,
Marionette Dancer,マリオネットダンサー,25.5,25,860,Expert,639,,
Mahou Shoujo to Chocolate,魔法少女とチョコレゐト ,25.5,25,797,Expert,700,,
Anata Shika Mienai no, あなたしか見えないの,25.5,25,969,Expert,682,,
Raspberry Monster,ラズベリー＊モンスター,25.5,25,933,Expert,705,,
DOKUZU,ド屑,25.5,25,844,Expert,455,,
,,,,,,,,
My Palette is Full of You,パレットには君がいっぱい,25.4,25,900,Expert,214,,
Konton Boogie,混沌ブギ,25.4,25,962,Expert,499,,
Luka Luka★Night Fever,ルカルカ★ナイトフィーバー,25.4,25,950,Expert,216,gold flicks on normal holds,
mousou aspartame,妄想アスパルテーム,25.4,25,828,Expert,544,,
One Sheep,ひつじがいっぴき,25.4,25,1120,Expert,316,,
Cat Loving,キャットラビング,25.4,25,934,Expert,491,,
Star,スター,25.4,25,799,Expert,570,,
Culture,カルチャ,25.4,25,797,Expert,529,,
Blackjack,Blackjack,25.4,25,921,Expert,542,,
Hao,ハオ (好),25.4,25,964,Expert,724,,
Tetoris,テトリス,25.4,25,653,Expert,627,,
Dramaturgy,ドラマツルギー,25.4,25,747,Expert,91,,
Call Boy,コールボーイ,25.4,25,809,Expert,505,,
Salamander,サラマンダー,25.4,25,1186,Expert,230,,
Ima Sugi Rinne,いますぐ輪廻,25.4,25,796,Expert,733,,
,,,,,,,,
Kisaragi Attention,如月アテンション,25.3,25,855,Expert,511,,
Cool Me Down,Cool Me Down,25.3,25,1159,Expert,425,,
ramune,ラムネ,25.3,25,951,Expert,702,,
Step for a Crescent,三日月ステップ,25.3,25,891,Expert,580,,
Eien Hanahadashii,25.3,25.3,25,930,Expert,706,,
Fuel,フューエル,25.3,25,698,Expert,478,,
Realize,リアライズ,25.3,25,744,Expert,356,,
Yoshiwara Lament second edition,吉原ラメント 再来盤,25.3,25,1135,Expert,591,,
Balleriko,バレリーコ,25.3,25,965,Expert,589,,
FUN!!,FUN!!,25.3,25,622,Expert,575,,
About me,About me,25.3,25,863,Expert,643,,
Hanataba,ハナタバ,25.3,25,894,Expert,759,,
,,,,,,,,
Filament Fever,フィラメントフィーバー,25.2,25,864,Expert,397,,
hoshi ni ichiban chikai basho,星に一番近い場所,25.2,25,964,Expert,681,,
It's just life,命ばっかり,25.2,25,1037,Expert,352,,
Medicine,イガク,25.2,25,892,Expert,515,,
Queen of Hearts,クイーンオブハート,25.2,25,1189,Expert,592,,
Fire◎Flower (Rerec),Fire◎Flower (Rerec),25.2,25,734,Expert,536,,
Pentatonic,ペンタトニック,25.2,25,733,Expert,585,,
Yankee Boy Yankee Girl,ヤンキーボーイ・ヤンキーガール,25.2,25,903,Expert,586,,
When the First Love Ends,初めての恋が終わる時,25.2,25,822,Expert,407,,
Nisemono Ningen 40-gou,偽物人間40号,25.2,25,775,Expert,571,,
Sono Oto ga Naru Nara,その音が鳴るなら,25.2,25,952,Expert,546,,
"A Glimmer, 1/f fluctuation",幽光、1/fのゆらめき,25.2,25,718,Expert,427,,
Masquerade,Masquerade,25.2,25,868,Expert,746,,
Beyond the way,Beyond the way,25.2,25,737,Expert,398,,
,,,,,,,,
Kono Manma de Ikou,このまんまでいこう,25.1,25,738,Expert,642,,
Last of Me,,25.1,25,1084,Expert,598,,
"Maku o Orosou, Parade e",幕を下ろそう、パレードへ,25.1,25,861,Expert,718,,
Call!!,Call!!,25.1,25,549,Expert,594,,
"Love Me, Love Me, Love Me",愛して愛して愛して,25.1,25,928,Expert,181,,
Amanojaku,天ノ弱,25.1,25,982,Expert,289,,
Kaiju ni Naritai,怪獣になりたい,25.1,25,1200,Hard,,hard not supported,671
,,,,,,,,
Hibikase,ヒビカセ,25.0,25,898,Expert,109,,
Hashiru! Tooku! Todoku!,はしる! とおく! とどく!,25.0,25,742,Expert,498,,
,,,,,,,,
Shippaisaku Shoujo,失敗作少女,25.0,25,805,Expert,510,,
Eyelid,アイリッド,25.0,25,813,Expert,560,,
Bad ∞ End ∞ Night,Bad ∞ End ∞ Night,25.0,25,875,Expert,278,,
Blue Star,Blue Star,25.0,25,1046,Expert,342,,
Booo!,Booo!,25.0,25,823,Expert,320,,
Calc.,Calc.,25.0,25,1126,Expert,243,,
DAYBREAK FRONTLINE,DAYBREAK FRONTLINE,25.0,25,1102,Expert,253,,
DREAM PLACE,DREAM PLACE,25.0,25,937,Expert,252,,
drop pop candy,drop pop candy,25.0,25,773,Expert,15,,
Glory Steady Go!,Glory Steady Go!,25.0,25,738,Expert,166,,
Happy Halloween,Happy Halloween,25.0,25,827,Expert,172,,
"Hello, Worker","Hello, Worker",25.0,25,773,Expert,286,,
Henceforth,Henceforth,25.0,25,916,Expert,484,,
imaginary love story,imaginary love story,25.0,25,1019,Expert,420,,
Journey,Journey,25.0,25,1285,Expert,235,,
KING,KING,25.0,25,1002,Expert,138,,
Leia - Remind,Leia - Remind,25.0,25,970,Expert,85,,
magic number,magic number,25.0,25,818,Expert,161,,
METEOR,METEOR,25.0,25,1160,Expert,337,,
NEO,NEO,25.0,25,939,Expert,366,,
Peaky Peaky,Peaky Peaky,25.0,25,747,Expert,207,,
QUEEN,QUEEN,25.0,25,1164,Expert,506,,
Ready Steady,Ready Steady,25.0,25,564,Expert,54,,
STAGE OF SEKAI,STAGE OF SEKAI,25.0,25,1005,Expert,159,,
SToRY,SToRY,25.0,25,705,Expert,574,,
the WALL,the WALL,25.0,25,815,Expert,259,,
Twilight Melody,Twilight Melody,25.0,25,943,Expert,445,,
ULTRA C,ULTRA C,25.0,25,651,Expert,471,,
Voices,Voices,25.0,25,1144,Expert,236,,
IDSMILE,アイディスマイル,25.0,25,985,Expert,116,,
I'm Mine,アイムマイン,25.0,25,1058,Expert,368,,
Night Sky Patrol of Tomorrow,アスノヨゾラ哨戒班,25.0,25,1073,Expert,18,,
Attract Light,アトラクトライト,25.0,25,1295,Expert,321,,
Do not go,いかないで,25.0,25,977,Expert,120,,
villain,ヴィラン,25.0,25,984,Expert,170,,
"Eh? Aa, Sou.",え？あぁ、そう。,25.0,25,838,Expert,437,,
Alien Alien,エイリアンエイリアン,25.0,25,1208,Expert,246,,
Ego rock,エゴロック,25.0,25,1041,Expert,225,,
Tears of Garnet,ガーネットの涙,25.0,25,774,Expert,466,,
Cutlery,カトラリー,25.0,25,686,Expert,111,,
This Messed Up Wonderful World Exists For Me,このふざけた素晴らしき世界は、僕の為にある,25.0,25,946,Expert,625,,
Gehenna,ジェヘナ,25.0,25,1177,Expert,272,,
Showtime Ruler,ショウタイム・ルーラー,25.0,25,819,Expert,160,,
Showtime×Audience,ショウタイム×オーディエンス,25.0,25,1091,Expert,440,,
Superhero,スーパーヒーロー,25.0,25,904,Expert,495,,
I want to be your heart,だれかの心臓になれたなら,25.0,25,811,Expert,152,,
Telecaster b boy,テレキャスタービーボーイ,25.0,25,726,Expert,134,,
DONUT HOLE 2024,ドーナツホール 2024,25.0,25,1046,Expert,220,,
TOKIO FUNKA,トキヲ・ファンカ,25.0,25,780,Expert,150,,
NIJIIRO STORIES,ニジイロストーリーズ,25.0,25,881,Expert,103,,
ONLINE GAME ADDICTS SPRECHCHOR,ネトゲ廃人シュプレヒコール,25.0,25,1156,Expert,298,,
Noda,のだ,25.0,25,918,Expert,558,,
Literary nonsense,ノンセンス文学,25.0,25,856,Expert,158,,
Pamela,パメラ,25.0,25,877,Expert,653,,
Bitter Choco Decoration,ビターチョコデコレーション,25.0,25,1059,Expert,129,,
Fire Dance,ファイアダンス,25.0,25,606,Expert,576,,
BURIKI NO DANCE,ブリキノダンス,25.0,25,852,Expert,38,,
Bocca della Verità,ボッカデラベリタ,25.0,25,884,Expert,125,,
MATORYOSHKA,マトリョシカ,25.0,25,887,Expert,221,,
Miracle Paint,ミラクルペイント,25.5,25,1300,Expert,36,,
Melt,メルト,25.0,25,1363,Expert,47,,
Love ka?,ラブカ？,25.0,25,710,Expert,260,,
Rainy Snowdrop,レイニースノードロップ,25.0,25,1234,Expert,283,,
World Lampshade [reunion],ワールド・ランプシェード [reunion],25.0,25,895,Expert,534,,
Retainer Supplanting His Lord,下剋上,25.0,25,1228,Expert,373,,
Butterfly on Your Right Shoulder,右肩の蝶,25.0,25,1058,Expert,177,,
Chikyuu Saigo no Kokuhaku wo,地球最後の告白を,25.0,25,884,Expert,154,,
Into The Night,夜に駆ける,25.0,25,932,Expert,139,,
Tengaku,天樂,25.0,25,1396,Expert,372,,
Good Weather,快晴,25.0,25,1286,Expert,323,,
Kiss the Villain,悪役にキスシーンを,25.0,25,998,Expert,377,,
Cellphone Love Story,携帯恋話,25.0,25,981,Expert,61,,
Stardust Utopia,星屑ユートピア,25.0,25,1183,Expert,261,,
Moonlight,月光,25.0,25,1058,Expert,239,,
Kimagure Mercy,気まぐれメルシィ,25.0,25,1247,Expert,281,,
Pulse of the Meteor,流星のパルス,25.0,25,958,Expert,173,,
Shinkai City Underground,深海シティアンダーグラウンド,25.0,25,872,Expert,645,,
God-ish,神っぽいな,25.0,25,1035,Expert,385,,
At God's Mercy,神のまにまに,25.0,25,900,Expert,201,,
Shuuen Touhikou,終焉逃避行,25.0,25,721,Expert,547,,
Reincarnation Apple,転生林檎,25.0,25,851,Expert,533,,
Transparent Elegy,透明エレジー,25.0,25,848,Expert,520,,
Toumei na Palette,透明なパレット,25.0,25,852,Expert,646,,
"Can't Defeat ""Take No Notice Boys""",難聴系男子が倒せない,25.0,25,1028,Expert,341,,
Rain and Petra,雨とペトラ,25.0,25,976,Expert,210,,
Music Like Magic!,魔法みたいなミュージック！,25.0,25,1080,Expert,317,,
Can't Make A Song!!,,25.0,25,907,Expert,459,,
MikuFiesta,,25.0,25,867,Expert,479,,
sweety glitch,,25.0,25,894,Expert,371,,
Suki! Yuki! Honki Magic,好き！雪！本気マジック,25.0,25,828,Expert,611,,
Star Night Snow,スターナイトスノウ,25.0,25,859,Expert,614,,
Ai,アイ,25.0,25,821,Expert,616,,
Otsukimi Recital,オツキミサイダル,25.0,25,972,Expert,764,,
Kuusou Forest,空想フォレスト,25.0,25,917,Expert,753,,
,,,,,,,,
,,,,,,,,
,,,,,,,,
,,,,,,,,
,,,,,,,,
,,,,,,,,
,,,,,,,,
,,,,,,,,
,,,,,,,,
,,,,,,,,
,,,,,,,,
,,,,,,,,
,,,,,,,,
,,,,,,,,
,,,,,,,,
,,,,,,,,
8.32,8.32,24.0,24,659,Expert,629,,
"*Hello, Planet",31.5,24.0,24,931,Expert,118,,
39,39,24.0,24,1139,Expert,331,,
1925,1925,24.0,24,887,Expert,306,,
Awake Now,Awake Now,24.0,24,723,Expert,244,,
Bad Apple feat.SEKAI,Bad Apple feat.SEKAI,24.0,24,883,Expert,501,,
CH4NGE,CH4NGE,24.0,24,789,Expert,513,,
CRaZY,CR詠ZY,24.0,24,615,Expert,421,,
Decade,Decade,24.0,24,839,Expert,319,,
Flyer!,Flyer!,24.0,24,861,Expert,182,,
Flyway,Flyway,24.0,24,1011,Expert,310,,
Forward,Forward,24.0,24,737,Expert,55,,
FREELY TOMORROW,FREELY TOMORROW,24.0,24,905,Expert,313,,
from Y to Y,from Y to Y,24.0,24,847,Expert,96,,
Hello Builder,Hello Builder,24.0,24,847,Expert,387,,
JUMPIN’ OVER !,JUMPIN’ OVER !,24.0,24,858,Expert,422,,
LEADER,LEADER,24.0,24,763,Expert,460,,
Miku,Miku,24.0,24,990,Expert,153,,
ODDS＆ENDS,ODDS＆ENDS,24.0,24,739,Expert,117,,
p.h.,p.h.,24.0,24,739,Expert,297,,
PaⅢ.SENSATION,PaⅢ.SENSATION,24.0,24,1032,Expert,195,,
Polar Star,Polar Star,24.0,24,697,Expert,610,,
Becoming Potatoes,potatoになっていく,24.0,24,721,Expert,52,,
purpose,purpose,24.0,24,720,Expert,383,,
Q,Q,24.0,24,907,Expert,202,,
ray,ray,24.0,24,978,Expert,148,,
Supernova,Supernova,24.0,24,750,Expert,457,,
Sympathy,Sympathy,24.0,24,723,Expert,605,,
Un-Lock,Un-Lock,24.0,24,894,Expert,393,,
UNDERWATER,UNDERWATER,24.0,24,971,Expert,363,,
WAVE,WAVE,24.0,24,794,Expert,522,,
Wonder Style,Wonder Style,24.0,24,888,Expert,362,,
Worlders,Worlders,24.0,24,924,Expert,579,,
icedrop,アイスドロップ,24.0,24,704,Expert,140,,
Newly Edgy Idols,アイドル新鋭隊,24.0,24,754,Expert,57,,
A Word,アコトバ,24.0,24,664,Expert,483,,
Attakaito,あったかいと,24.0,24,1026,Expert,271,,
Ano Natsu ga Houwa Suru.,あの夏が飽和する。,24.0,24,626,Expert,650,,
Abelia,アベリア,24.0,24,865,Expert,677,,
Arinomama no Story wo,ありのままのストーリーを,24.0,24,892,Expert,635,,
Anti-You,アンチユー,24.0,24,610,Expert,582,,
I~ya I~ya I~ya,い〜やい〜やい〜や,24.0,24,792,Expert,670,,
"1, 2, FanClub",いーあるふぁんくらぶ,24.0,24,863,Expert,174,,
Integral,インテグラル,24.0,24,868,Expert,424,,
Usseewa,うっせえわ,24.0,24,1035,Expert,204,,
Electric Angel,えれくとりっく・えんじぇぅ,24.0,24,927,Expert,454,,
Empurple,エンパープル,24.0,24,813,Expert,507,,
Mischievous Function,おちゃめ機能,24.0,24,933,Expert,480,,
Odorobo,おどロボ,24.0,24,1266,Expert,461,,
As You Like It,お気に召すまま,24.0,24,808,Expert,106,,
Airhead,ガランド,24.0,24,761,Expert,200,,
Cantarella,カンタレラ,24.0,24,870,Expert,296,,
Kimi to Boku no Resonance,きみとぼくのレゾナンス,24.0,24,896,Expert,523,,
Cat Food,キャットフード,24.0,24,895,Expert,530,,
Today is Cheerful too,きょうもハレバレ,24.0,24,793,Expert,493,,
Becoming Empty,くうになる,24.0,24,769,Expert,417,,
Kokoro,ココロ,24.0,24,945,Expert,312,,
"This is, the Happiness and Peace of Mind Committee.",こちら、幸福安心委員会です。,24.0,24,898,Expert,279,,
Summertime Record,サマータイムレコード,24.0,24,1107,Expert,395,,
Cinema,シネマ,24.0,24,616,Expert,126,,
Sweet Magic,スイートマジック,24.0,24,920,Expert,41,,
Snowman,スノーマン,24.0,24,1001,Expert,343,,
Smile*Symphony,スマイル*シンフォニー,24.0,24,594,Expert,577,,
The World Hasn't Even Started Yet,セカイはまだ始まってすらいない,24.0,24,774,Expert,51,,
"Even so, It's OK",それでもいいんだよ,24.0,24,897,Expert,274,,
Getting Faster and Faster,だんだん早くなる,24.0,24,851,Expert,485,,
Teammate,チームメイト,24.0,24,803,Expert,374,,
Patchwork Staccato,ツギハギスタッカート,24.0,24,854,Expert,71,,
Teratera,てらてら,24.0,24,1035,Expert,257,,
It Was A Wonderful June,とても素敵な六月でした,24.0,24,1273,Expert,340,,
Traffic jam,トラフィック・ジャム,24.0,24,896,Expert,143,,
Tricologe,トリコロージュ,24.0,24,860,Expert,203,,
Hide and Seek,ハイドアンド・シーク,24.0,24,764,Expert,438,,
How-to Sekai Seifuku,ハウトゥー世界征服,24.0,24,803,Expert,672,,
Hug,はぐ,24.0,24,851,Expert,429,,
Hajimari no Mirai,はじまりの未来,24.0,24,972,Expert,573,,
Happy Synthesizer,ハッピーシンセサイザ,24.0,24,859,Expert,10,,
Paradichlorobenzene,パラジクロロベンゼン,24.0,24,916,Expert,275,,
Hello Sekai,ハローセカイ,24.0,24,621,Expert,578,,
Panda Hero,パンダヒーロー,24.0,24,820,Expert,566,,
Viva Happy,ビバハピ,24.0,24,597,Expert,11,,
phony,フォニイ,24.0,24,1064,Expert,277,,
Fragile,フラジール,24.0,24,863,Expert,69,,
Black★Rock Shooter,ブラック★ロックシューター,24.0,24,695,Expert,238,,
Bless Your Breath,ブレス・ユア・ブレス,24.0,24,696,Expert,72,,
From Tokyo,フロムトーキョー,24.0,24,640,Expert,130,,
Boku no Kamisama,ぼくのかみさま,24.0,24,792,Expert,548,,
Bottle Cake,ボトルケーキ,24.0,24,640,Expert,394,,
Mind Brand,マインドブランド,24.0,24,1023,Expert,473,,
Mikaboshi,みかぼし,24.0,24,984,Expert,518,,
Mikumiku Ni Shiteageru [Shiteyanyo],みくみくにしてあげる♪【してやんよ】,24.0,24,739,Expert,124,,
Mirai,ミライ,24.0,24,1017,Expert,180,,
Musekinin Shuugoutai,㋰責任集合体,24.0,24,762,Expert,667,,
Melancholic,メランコリック,24.0,24,917,Expert,369,,
Melty Land Nightmare,メルティランドナイトメア,24.0,24,934,Expert,70,,
Mozaik Role (Reloaded),モザイクロール (Reloaded),24.0,24,871,Expert,477,,
Lucky☆Orb,ラッキー☆オーブ,24.0,24,802,Expert,415,,
Remote Control,リモコン,24.0,24,903,Expert,146,,
lily-lala,リリィララ,24.0,24,810,Expert,655,,
Rumor,ルーマー,24.0,24,863,Expert,490,,
ROKI,ロキ,24.0,24,827,Expert,2,,
Lost Umbrella,ロストアンブレラ,24.0,24,804,Expert,551,,
Romeo & Cinderella,ロミオとシンデレラ,24.0,24,856,Expert,121,,
The World is Mine,ワールドイズマイン,24.0,24,1248,Expert,48,,
Worldwide Wander,ワールドワイドワンダー,24.0,24,626,Expert,193,,
Wah Wah World,ワーワーワールド,24.0,24,789,Expert,77,,
Nh-Uh-Uh.,んっあっあっ。,24.0,24,742,Expert,430,,
Otome Dissection,乙女解剖,24.0,24,834,Expert,92,,
Kousenka,光線歌,24.0,24,700,Expert,634,,
The Tailor of Enbizaka,円尾坂の仕立屋,24.0,24,842,Expert,347,,
Murder Case at The Mansion of Antiquarian Books,古書屋敷殺人事件,24.0,24,823,Expert,436,,
Nameless Revolution,名も無き革命,24.0,24,995,Expert,359,,
"Ah, It's A Wonderful Cat's Life",嗚呼、素晴らしきニャン生,24.0,24,1185,Expert,346,,
Natsu ni Toumei,夏に透明,24.0,24,691,Expert,565,,
All Night Thinking of You,夜もすがら君想ふ,24.0,24,1004,Expert,255,,
Angel's Wing.,天使の翼。,24.0,24,1072,Expert,326,,
Ifuudoudou,威風堂々,24.0,24,975,Expert,95,,
Shoujo A,少女A,24.0,24,1265,Expert,666,,
Shoujo Rei,少女レイ,24.0,24,1168,Expert,169,,
Imperial Girl,帝国少女,24.0,24,962,Expert,262,,
Ghost City Tokyo,幽霊東京,24.0,24,904,Expert,102,,
Kyoufuu All Back,強風オールバック,24.0,24,714,Expert,432,,
Heart Forecast,心予報,24.0,24,909,Expert,188,,
The Servant of Evil,悪ノ召使,24.0,24,609,Expert,191,,
The Daughter of Evil,悪ノ娘,24.0,24,609,Expert,190,,
Judgement of Corruption,悪徳のジャッジメント,24.0,24,777,Expert,348,,
We are Stain Busters!,我らステインバスターズ！,24.0,24,797,Expert,400,,
weigh anchor,抜錨,24.0,24,831,Expert,458,,
Connecting the Stars,星を繋ぐ,24.0,24,753,Expert,375,,
Starry sky melody,星空のメロディー,24.0,24,713,Expert,212,,
Tokyo Summer Session,東京サマーセッション,24.0,24,892,Expert,621,,
The Transient Apple Salesgirl,林檎売りの泡沫少女,24.0,24,1009,Expert,443,,
Theatre,演劇,24.0,24,983,Expert,345,,
Roshin Yuukai (meltdown),炉心融解,24.0,24,998,Expert,179,,
Wintry Winds,番凩,24.0,24,716,Expert,403,,
The Snow White Princess is,白い雪のプリンセスは,24.0,24,1273,Expert,355,,
Gift from the Princess Who Brought Sleep,眠らせ姫からの贈り物,24.0,24,904,Expert,350,,
"I am, We are",私は、私達は,24.0,24,712,Expert,287,,
I'm the Rain,私は雨,24.0,24,823,Expert,492,,
Musunde Hiraite Rasetsu to Mukuro,結ンデ開イテ羅刹ト骸,24.0,24,826,Expert,567,,
Uninterrupted Indigo,絶え間なく藍色,24.0,24,1002,Expert,322,,
Gunjo Sanka,群青讃歌,24.0,24,711,Expert,141,,
Hana ni Kaze,花に風,24.0,24,755,Expert,537,,
"Kaben, Sore ni Matsuwaru Onsei",花弁、それにまつわる音声,24.0,24,883,Expert,638,,
Nihil-san,虚無さん,24.0,24,650,Expert,540,,
Becoming pigs yeah yeah,豚になってyeah yeah,24.0,24,705,Expert,325,,
Dance orchestra,踊れオーケストラ,24.0,24,845,Expert,240,,
Unaware Drunkard,酔いどれ知らず,24.0,24,865,Expert,441,,
Kindokei,金時計,24.0,24,747,Expert,678,,
Aoku Kakero!,青く駆けろ！,24.0,24,919,Expert,93,,
blue paint,青色絵具,24.0,24,846,Expert,232,,
Just 1db Louder,Just 1db Louder,24.0,24,628,Expert,568,,
Dream Kiss,ドリーム・キス,24.0,24,515,Expert,696,,
Jougen no Tsuki,上弦の月,24.0,24,599,Expert,658,,
Wakusei Loop,惑星ループ,24.0,24,857,Expert,690,,
Chain Girl -Re Alive-,鎖の少女-Re Alive-,24.0,24,920,Expert,698,,
Touka Suru Ondo,透過する温度,24.0,24,608,Expert,716,,
Snow Fairy Story,Snow Fairy Story,24.0,24,912,Expert,612,,
Shikakui Chikyuu wo Maruku Suru,四角い地球を丸くする,24.0,24,950,Expert,615,,
Tobidase! Wandapyoi,とびだせ！わんだぴょい,24.0,24,788,Expert,660,,
erase or zero,erase or zero,24.0,24,845,Expert,693,,
Colorful Foundation,カラフルファンデーション,24.0,24,815,Expert,683,,
Alkali Rettousei,アルカリレットウセイ,24.0,24,854,Expert,726,,
Kairai no Utsutsu,傀儡のうつつ,24.0,24,719,Expert,735,,
Daidaidaidaidai Kirai,ダイダイダイダイダイキライ,24.0,24,,Expert,722,,
Hedgehog,ヘッジホッグ,24.0,24,837,Expert,710,,
CRASH THE PARTY,CRASH THE PARTY,24.0,24,818,Expert,679,,
Who?,Who?,24.0,24,687,Expert,680,,
Hikyou Sentai Urotander,卑怯戦隊うろたんだー,24.0,24,1024,Expert,661,,
Hikaku Shoukougun,比較症候群,24.0,24,889,Expert,712,,
LOVELY♥CAVITY,,24.0,24,885,Expert,736,,
Dreamer's Beat,ドリーマーズビート,24.0,24,670,Expert,743,,
Propose,プロポーズ,24.0,24,830,Expert,734,,
Cheerleader (feat. Hatsune Miku),,24.0,24,744,Expert,762,,
Hikari no Atsume Kata,ひかりのあつめかた,24.0,24,818,Expert,757,,
All in One,オールイン・ワン,24.0,24,1029,Expert,760,,
Saika,Saika,24.0,24,875,Expert,748,,
Gimmie more!,Gimmie more!,24.0,24,721,Expert,756,,
Hikari,光,24.0,24,784,Expert,754,,
Lapse,ラプス,24.0,24,855,Expert,758,,
City Lights,シティライツ,24.0,24,649,Expert,791,,
"Tenbin, Yubisaki de Furete",天秤、指先で触れて,24.0,24,866,Master,789,,
De Los Santos,デロスサントス,24.0,24,963,Expert,794,,
Stardust Rain,スターダストレイン,24.0,24,671,Expert,728,,
Kimi ni Okuru Mirai,君に贈る未来,24.0,24,974,Expert,802,,
,,,,,,,,
Nekuratune Circus,ネクラチューンサーカス,24.0,24,1032,Hard,,hard not supported,668
Joou,嬢王,24.0,24,994,Hard,,hard not supported,465
0.0000034,0.0000034,24.0,24,1234,Hard,,hard not supported,691
Yuugen no Ran,幽玄ノ乱,24.0,24,1012,Hard,,hard not supported,708
,,,,,,,,
,,,,,,,,
,,,,,,,,
,,,,,,,,
,,,,,,,,
,,,,,,,,
,,,,,,,,
「１」,「１」,23.0,23,619,Expert,132,,
living millennium,1000年生きてる,23.0,23,673,Expert,434,,
39Music!,39みゅーじっく！,23.0,23,839,Expert,45,,
Afterglow,Afterglow,23.0,23,727,Expert,309,,
alive,alive,23.0,23,804,Expert,82,,
blender,blender,23.0,23,812,Expert,404,,
Blessing,Blessing,23.0,23,859,Expert,50,,
Change me,Change me,23.0,23,1019,Expert,265,,
Color of Drops,Color of Drops,23.0,23,796,Expert,89,,
Connecting,Connecting,23.0,23,616,Expert,619,,
Copycat,Copycat,23.0,23,752,Expert,247,,
Dear,Dear,23.0,23,1032,Expert,390,,
ECHO,ECHO,23.0,23,659,Expert,100,,
flos,flos,23.0,23,694,Expert,431,,
Goodbye,Goodbye,23.0,23,734,Expert,228,,
Hand in Hand,Hand in Hand,23.0,23,809,Expert,44,,
Highlight,Highlight,23.0,23,596,Expert,263,,
Intergalactic Bound,Intergalactic Bound,23.0,23,918,Expert,464,,
Just Be Friends,Just Be Friends,23.0,23,811,Expert,27,,
MOTTO!!!,MOTTO!!!,23.0,23,881,Expert,405,,
Nostalogic,Nostalogic,23.0,23,719,Expert,13,,
on the rocks,on the rocks,23.0,23,857,Expert,86,,
On&On,On&On,23.0,23,712,Expert,426,,
Shadow Shadow,Shadow Shadow,23.0,23,601,Expert,476,,
Sharing the World,Sharing the World,23.0,23,937,Expert,318,,
Unpoison,Unpoison,23.0,23,714,Expert,527,,
Irony,アイロニ,23.0,23,861,Expert,293,,
IF,イフ,23.0,23,845,Expert,211,,
Eleventh,イレヴンス,23.0,23,677,Expert,539,,
Interviewer,インタビュア,23.0,23,1006,Expert,330,,
Tale of the Deep-sea Lily,ウミユリ海底譚,23.0,23,737,Expert,75,,
Epilogue without you,エピローグに君はいない,23.0,23,596,Expert,332,,
Envy Baby,エンヴィーベイビー,23.0,23,969,Expert,402,,
Karakuri Pierrot,からくりピエロ,23.0,23,714,Expert,147,,
Kirapipi★Kirapika,キラピピ★キラピカ,23.0,23,909,Expert,386,,
CrystalSnow,クリスタルスノウ,23.0,23,694,Expert,593,,
Saihate,サイハテ,23.0,23,840,Expert,556,,
Charles,シャルル,23.0,23,701,Expert,19,,
Strobe Last,ストロボラスト,23.0,23,725,Expert,305,,
Suresure,すれすれ,23.0,23,521,Expert,442,,
SEKAI,セカイ,23.0,23,735,Expert,76,,
Time Machine,タイムマシン,23.0,23,719,Expert,8,,
Double Lariat,ダブルラリアット,23.0,23,936,Expert,256,,
Totemoitai Itagaritai,とても痛い痛がりたい,23.0,23,817,Expert,94,,
dreamin chuchu,どりーみんチュチュ,23.0,23,873,Expert,123,,
Torinoko City,トリノコシティ,23.0,23,753,Expert,242,,
Do Re Mi Fa Rondo,ドレミファロンド ,23.0,23,690,Expert,603,,
Nomad,ノマド,23.0,23,515,Expert,189,,
The First Sound,ハジメテノオト,23.0,23,539,Expert,470,,
Happy Cheat Day,ハッピーチートデー,23.0,23,645,Expert,463,,
Fighter,ファイター,23.0,23,641,Expert,684,,
Float Planner,フロート・プランナー,23.0,23,685,Expert,295,,
Metamo Re:born,メタモリボン,23.0,23,580,Expert,209,,
Lagtrain,ラグトレイン,23.0,23,705,Expert,469,,
Lustrous,ラストラス,23.0,23,769,Expert,654,,
Lonely Universe,ロンリーユニバース,23.0,23,781,Expert,269,,
Kashika,仮死化,23.0,23,1019,Expert,267,,
Thousand Year Solo,千年の独奏歌,23.0,23,791,Expert,223,,
Waltz of the Deceased,去り人達のワルツ,23.0,23,672,Expert,192,,
Natsuya no Uta,夏夜ノ唄,23.0,23,695,Expert,519,,
Solar System Disco,太陽系デスコ,23.0,23,1018,Expert,360,,
DSCF,妄想感傷代償連盟,23.0,23,908,Expert,194,,
Yuke,征け,23.0,23,701,Expert,600,,
Shinpaku Pairing,心拍ペアリング,23.0,23,575,Expert,382,,
Heartbeat #0822,心拍数♯0822,23.0,23,675,Expert,155,,
Love is War,恋は戦争,23.0,23,1081,Expert,365,,
Because You're Here,愛されなくても君がいる,23.0,23,914,Expert,108,,
Meikyoushisui,明鏡止水,23.0,23,728,Expert,481,,
Starry Sky Orchestra,星空オーケストラ,23.0,23,1057,Expert,282,,
Deep Sea Girl,深海少女,23.0,23,867,Expert,258,,
Blazing,烈火,23.0,23,786,Expert,497,,
Neppuu,熱風,23.0,23,871,Expert,489,,
DUNE,砂の惑星,23.0,23,873,Expert,219,,
Coral,箱庭のコラル,23.0,23,862,Expert,324,,
Nouten,脳天,23.0,23,901,Expert,545,,
Hollow,虚ろを扇ぐ,23.0,23,908,Expert,280,,
City,街,23.0,23,668,Expert,217,,
Aun no Beats,阿吽のビーツ,23.0,23,802,Expert,245,,
A Moment of Sunshine,陽だまりのセツナ,23.0,23,932,Expert,314,,
New Worlds,,23.0,23,973,Expert,673,,
Ten Thousand Stars,,23.0,23,835,Expert,453,,
Unsung Melodies,,23.0,23,615,Expert,419,,
Koufukukei,幸福刑,23.0,23,773,Expert,630,,
Yuki ga Tokeru Mae ni,雪がとける前に,23.0,23,618,Expert,613,,
Pokapoka no Hoshi,ぽかぽかの星,23.0,23,783,Expert,617,,
Fondant Step,Fondant Step,23.0,23,679,Expert,618,,
Aria,アリア,23.0,23,544,Expert,720,,
Ribbon,Ribbon,23.0,23,598,Expert,717,,
Catch the Wave,Catch the Wave,23.0,23,739,Expert,699,,
shrimp miku,,23.0,23,626,Expert,725,,
Aishiteita no ni,あいしていたのに,23.0,23,550,Expert,721,,
Sekai no Arukikata,世界の歩き方,23.0,23,683,Expert,739,,
Uka,羽歌,23.0,23,714,Expert,740,,
Tabi ni Kaeru,旅に帰る,23.0,23,670,Expert,742,,
Pikkoon!!,ピッコーン！！,23.0,23,572,Expert,790,,
,,,,,,,,
Don't Fight The Music,Don't Fight The Music,23.0,23,1175,Hard,,hard not supported,164
the EmpErroR,the EmpErroR,23.0,23,894,Hard,,hard not supported,163
End Mark ni Kibou to Namida wo soete,エンドマークに希望と涙を添えて,23.0,23,1129,Hard,,hard not supported,162
MACHINEGUN POEM DOLL,マシンガンポエムドール,23.0,23,1154,Hard,,hard not supported,176
Memoria,メモリア,23.0,23,1324,Hard,,hard not supported,488
ARE YOU OK?,ダイジョブですか？,23.0,23,1073,Hard,,hard not supported,487
Ogyarinizer,おぎゃりないざー,23.0,23,1054,Hard,,hard not supported,486
Jinsei,人生,23.0,23,1057,Hard,,hard not supported,370
Yaminabe!!!!,ヤミナベ!!!!,23.0,23,1121,Hard,,hard not supported,329
,,,,,,,,
,,,,,,,,
,,,,,,,,
,,,,,,,,
,,,,,,,,
,,,,,,,,
,,,,,,,,
,,,,,,,,
,,,,,,,,
,,,,,,,,
,,,,,,,,
,,,,,,,,
,,,,,,,,
,,,,,,,,
,,,,,,,,
,,,,,,,,
,,,,,,,,
,,,,,,,,
Passion at 25:00,25時の情熱,22.0,22,625,Expert,409,,
glow,glow,22.0,22,875,Expert,339,,
Packaged,Packaged,22.0,22,739,Expert,604,,
Tell Your World,Tell Your World,22.0,22,961,Expert,1,,
Love material,アイノマテリアル,22.0,22,643,Expert,144,,
Achikochi Date-san,あちこちデートさん,22.0,22,693,Expert,516,,
Ichi Ni no San de,いちにのさんで,22.0,22,595,Expert,292,,
Kanadetomosusora,カナデトモスソラ,22.0,22,522,Expert,149,,
"Soko ni Aru, Hikari.",そこに在る、光。,22.0,22,403,Expert,564,,
Sono E no Namae wa,その絵の名前は,22.0,22,514,Expert,597,,
Sorega Anata No Shiawase To Shitemo,それがあなたの幸せとしても,22.0,22,615,Expert,294,,
Twilight Light,トワイライトライト,22.0,22,520,Expert,384,,
Near,ニア,22.0,22,702,Expert,73,,
Hello/How Are You?,ハロ／ハワユ,22.0,22,690,Expert,66,,
Meru,メリュー,22.0,22,632,Expert,218,,
once upon a dream,ワンスアポンアドリーム,22.0,22,683,Expert,105,,
Reborn,再生,22.0,22,458,Expert,142,,
Dawn and Fireflies,夜明けと蛍,22.0,22,691,Expert,311,,
Kokoronashi,心做し,22.0,22,676,Expert,358,,
Love Trial,恋愛裁判,22.0,22,889,Expert,87,,
Blooming into the Mud,泥中に咲く,22.0,22,646,Expert,270,,
Hitorinbo Envy,独りんぼエンヴィー,22.0,22,544,Expert,74,,
Ikiru,生きる,22.0,22,536,Expert,644,,
Aioi,相生,22.0,22,879,Expert,351,,
Jishoumushoku,自傷無色,22.0,22,614,Expert,67,,
Kazatte,飾って,22.0,22,515,Expert,572,,
Kokuhaku,告白,22.0,22,588,Expert,662,,
Strata de Machiawase,ストラタでまちあわせ,22.0,22,441,Expert,738,,
SAIRAI,SAIRAI,22.0,22,601,Expert,747,,
Astronauts,アストロノーツ,22.0,22,468,Expert,792,,
REM,レム,22.0,22,,Expert,765,,
Ayano no Koufuku Riron,アヤノの幸福理論,22.0,22,552,Expert,752,,
,,,,,,,,
What's up? Pop!,What's up? Pop!,22.0,22,1175,Hard,,hard not supported,315
THE END OF HATSUNE MIKU,初音ミクの消失,22.0,22,1116,Hard,,hard not supported,49
,,,,,,,,
,,,,,,,,
,,,,,,,,
,,,,,,,,
,,,,,,,,
,,,,,,,,
,,,,,,,,
,,,,,,,,
,,,,,,,,
,,,,,,,,
,,,,,,,,
,,,,,,,,
,,,,,,,,
,,,,,,,,
,,,,,,,,
,,,,,,,,
,,,,,,,,
,,,,,,,,
,,,,,,,,
,,,,,,,,
,,,,,,,,
,,,,,,,,
Where shall we go?,Where shall we go?,21.0,21,594,Expert,338,,
Anata no Sora ga Naku no Nara,あなたの空が泣くのなら,21.0,21,478,Expert,659,,
Made to Order,オーダーメイド,21.0,21,480,Expert,196,,
Layernote,レイヤーノートー,21.0,21,563,Expert,532,,
Yoka ni Mitorete,余花にみとれて,21.0,21,599,Expert,500,,
Give Me Your Night,君の夜をくれ,21.0,21,482,Expert,237,,
Mawaru Sora Usagi,回る空うさぎ,21.0,21,607,Expert,607,,
Suisei no Kuni,彗星ノ銀河,21.0,21,688,Expert,526,,
,,,,,,,,
MarbleBlue.,MarbleBlue.,21.0,21,1109,Hard,,hard not supported,449
Sage,Sage,21.0,21,956,Hard,,hard not supported,448
folern,folern,21.0,21,861,Hard,,hard not supported,447
ARQETYPE,ARQETYPE,21.0,21,723,Hard,,hard not supported,406
SANchi Chokusou,SAN値直葬,21.0,21,857,Hard,,hard not supported,647
Rotten Heresy and Chocolate,腐れ外道とチョコレゐト,21.0,21,979,Hard,,hard not supported,250
"Hatsune Kyousoukyouku Dai Ichiban ""Suisei""",初音狂奏曲第01番「彗惺」,21.0,21,910,Hard,,hard not supported,755
CHAOS,CHAOS,21.0,21,668,Hard,,hard not supported,744
ANiMA,ANiMA,21.0,21,617,Hard,,hard not supported,745